label,lm_0_x,lm_0_y,lm_0_z,lm_1_x,lm_1_y,lm_1_z,lm_2_x,lm_2_y,lm_2_z,lm_3_x,lm_3_y,lm_3_z,lm_4_x,lm_4_y,lm_4_z,lm_5_x,lm_5_y,lm_5_z,lm_6_x,lm_6_y,lm_6_z,lm_7_x,lm_7_y,lm_7_z,lm_8_x,lm_8_y,lm_8_z,lm_9_x,lm_9_y,lm_9_z,lm_10_x,lm_10_y,lm_10_z,lm_11_x,lm_11_y,lm_11_z,lm_12_x,lm_12_y,lm_12_z,lm_13_x,lm_13_y,lm_13_z,lm_14_x,lm_14_y,lm_14_z,lm_15_x,lm_15_y,lm_15_z,lm_16_x,lm_16_y,lm_16_z,lm_17_x,lm_17_y,lm_17_z,lm_18_x,lm_18_y,lm_18_z,lm_19_x,lm_19_y,lm_19_z,lm_20_x,lm_20_y,lm_20_z
NEUTRAL,0.30594441294670105,0.6319462656974792,1.0563777408378883e-08,0.42905065417289734,0.5964365005493164,-0.04911312460899353,0.5314204692840576,0.5244057774543762,-0.07794570177793503,0.5897274017333984,0.4536627531051636,-0.10718552023172379,0.659391462802887,0.4116094708442688,-0.14082352817058563,0.47412627935409546,0.4181970953941345,-0.032070133835077286,0.5356667041778564,0.33328235149383545,-0.06674659997224808,0.5675432085990906,0.28229716420173645,-0.09301356971263885,0.59775710105896,0.2341008484363556,-0.11345701664686203,0.40075260400772095,0.3955225944519043,-0.04186425358057022,0.44158467650413513,0.29777175188064575,-0.0713484138250351,0.4694002866744995,0.23790965974330902,-0.10547511279582977,0.4996761083602905,0.18345052003860474,-0.1330859661102295,0.3274576663970947,0.39572784304618835,-0.05961990728974342,0.3535056710243225,0.30362361669540405,-0.0946425348520279,0.3745654225349426,0.24703459441661835,-0.12942081689834595,0.39951351284980774,0.19703812897205353,-0.1545882225036621,0.2515259087085724,0.41268885135650635,-0.08397284895181656,0.25369203090667725,0.33805960416793823,-0.11541176587343216,0.26312047243118286,0.2928294539451599,-0.13968326151371002,0.2804606556892395,0.24958808720111847,-0.15906786918640137
NEUTRAL,0.12618184089660645,0.6636823415756226,1.441967345527928e-08,0.26403170824050903,0.6278830170631409,-0.05462144315242767,0.38089680671691895,0.5433337092399597,-0.08812196552753448,0.4465816617012024,0.4628155827522278,-0.12285099923610687,0.5235023498535156,0.4173157811164856,-0.1612183153629303,0.3256227672100067,0.4172230064868927,-0.04406098276376724,0.39505434036254883,0.31880122423171997,-0.08240466564893723,0.4295356273651123,0.2581162750720978,-0.10924288630485535,0.45763808488845825,0.203529953956604,-0.13126157224178314,0.23825176060199738,0.3912569284439087,-0.05561370030045509,0.2869637608528137,0.27578645944595337,-0.0875077173113823,0.31384795904159546,0.20604334771633148,-0.12181148678064346,0.33928561210632324,0.14273667335510254,-0.15035073459148407,0.15262340009212494,0.3897305428981781,-0.07630937546491623,0.1824970543384552,0.2790672779083252,-0.11358992755413055,0.20249100029468536,0.20911644399166107,-0.15214623510837555,0.22774453461170197,0.1485016942024231,-0.18068547546863556,0.05942040681838989,0.41067081689834595,-0.10376184433698654,0.055252984166145325,0.3190484642982483,-0.13844363391399384,0.05686701834201813,0.25996071100234985,-0.16499833762645721,0.06702464818954468,0.2024245411157608,-0.18635551631450653
NEUTRAL,0.6248133778572083,0.7688432931900024,9.156194913373383e-09,0.7587974071502686,0.7246793508529663,-0.0375237800180912,0.8606473207473755,0.6464442014694214,-0.047004736959934235,0.9113451242446899,0.5691291093826294,-0.062446292489767075,0.9375507831573486,0.4983556270599365,-0.0776878297328949,0.7717416882514954,0.5366276502609253,0.06896694749593735,0.8119980096817017,0.45914673805236816,0.06160620599985123,0.8391789197921753,0.4143033027648926,0.04304433614015579,0.8674434423446655,0.37377113103866577,0.027042724192142487,0.6979550719261169,0.5209916234016418,0.05844588950276375,0.7264633178710938,0.43270212411880493,0.05456549674272537,0.7527275681495667,0.3856406807899475,0.020172031596302986,0.7861851453781128,0.34617024660110474,-0.005480552092194557,0.6247537136077881,0.5219758749008179,0.0343034565448761,0.639849841594696,0.439123272895813,0.018101824447512627,0.6624486446380615,0.39381158351898193,-0.01714172773063183,0.698184609413147,0.3634738326072693,-0.040384069085121155,0.5499157309532166,0.5364563465118408,0.0021352150943130255,0.5554053783416748,0.46832945942878723,-0.01655166782438755,0.5793938040733337,0.43160897493362427,-0.03858388960361481,0.6203234195709229,0.4067588746547699,-0.054245464503765106
NEUTRAL,0.4596136510372162,0.6532813310623169,2.181948133284095e-08,0.5899578332901001,0.6154686212539673,-0.04769613593816757,0.7026925086975098,0.5427020788192749,-0.07901690900325775,0.7852486371994019,0.4775901138782501,-0.11430467665195465,0.8693665266036987,0.44672852754592896,-0.1496385633945465,0.6165608167648315,0.3984026610851288,-0.02272947132587433,0.6785333156585693,0.30535078048706055,-0.04917223006486893,0.7048088908195496,0.2465495616197586,-0.07251288741827011,0.7284951210021973,0.19323952496051788,-0.09193269163370132,0.5297675132751465,0.3768271803855896,-0.03531082719564438,0.5592114925384521,0.2674335837364197,-0.05115572363138199,0.5698731541633606,0.20145535469055176,-0.07698728889226913,0.5797393321990967,0.1398148536682129,-0.10314174741506577,0.443839967250824,0.38512149453163147,-0.05733684450387955,0.43462368845939636,0.2812754511833191,-0.08058524876832962,0.4288709759712219,0.2196122109889984,-0.11209053546190262,0.42734989523887634,0.16260677576065063,-0.13801436126232147,0.36124253273010254,0.41710060834884644,-0.0860283300280571,0.30494874715805054,0.34081724286079407,-0.10775452852249146,0.2704843282699585,0.2946789860725403,-0.1269436925649643,0.24375665187835693,0.2512178421020508,-0.14354969561100006
NEUTRAL,0.4337027072906494,0.6916992664337158,1.1390912213471438e-08,0.5718753933906555,0.6485296487808228,-0.04810355231165886,0.6571115255355835,0.5513354539871216,-0.0740915983915329,0.6886558532714844,0.45705288648605347,-0.10236584395170212,0.7450253963470459,0.39110228419303894,-0.13493254780769348,0.597653865814209,0.4342525899410248,-0.017216499894857407,0.656318724155426,0.3376424014568329,-0.05104295164346695,0.6913430094718933,0.27711400389671326,-0.07726427912712097,0.7181200981140137,0.22133736312389374,-0.09723355621099472,0.5168181657791138,0.41716596484184265,-0.030093880370259285,0.5582355856895447,0.30323177576065063,-0.05995447188615799,0.5846177935600281,0.23507368564605713,-0.0954139232635498,0.6074391603469849,0.17042675614356995,-0.12336157262325287,0.43944525718688965,0.42025330662727356,-0.052349355071783066,0.4737778306007385,0.3112768530845642,-0.08888191729784012,0.494562566280365,0.24822501838207245,-0.12522785365581512,0.5178683400154114,0.19275370240211487,-0.1506093591451645,0.36367011070251465,0.4445648491382599,-0.08197665959596634,0.38024652004241943,0.3559141159057617,-0.1160830557346344,0.3932756781578064,0.30092287063598633,-0.1427709460258484,0.4121304452419281,0.24984049797058105,-0.1628335565328598
NEUTRAL,0.2676164507865906,0.5206460356712341,1.0228522917543614e-08,0.3975614905357361,0.4850093424320221,-0.04918593913316727,0.505184531211853,0.4101283550262451,-0.0756642296910286,0.5631297826766968,0.33324164152145386,-0.10281285643577576,0.6271359920501709,0.2880556285381317,-0.13121835887432098,0.44213855266571045,0.3012967109680176,-0.032804589718580246,0.5026521682739258,0.2085902988910675,-0.06020459532737732,0.5287337303161621,0.15054117143154144,-0.08077554404735565,0.5541420578956604,0.10096383094787598,-0.09786912053823471,0.36380380392074585,0.28025683760643005,-0.03854434937238693,0.4036024212837219,0.1758217066526413,-0.06058165431022644,0.4230037033557892,0.1101272851228714,-0.08898716419935226,0.43812400102615356,0.05349171161651611,-0.11253273487091064,0.2852451503276825,0.2795761823654175,-0.05128074064850807,0.3076145052909851,0.18205712735652924,-0.08002141863107681,0.32050907611846924,0.11990992724895477,-0.11211376637220383,0.33616018295288086,0.06744757294654846,-0.1357431262731552,0.2046697437763214,0.29610514640808105,-0.07067859917879105,0.19462333619594574,0.217401385307312,-0.09728258103132248,0.19405919313430786,0.16719062626361847,-0.1194874718785286,0.20057088136672974,0.12092891335487366,-0.13658106327056885
NEUTRAL,0.3015410602092743,0.9307786822319031,8.950116203720881e-09,0.41238537430763245,0.8889346122741699,-0.04629872739315033,0.4971844553947449,0.8080250024795532,-0.07046478986740112,0.5358318090438843,0.7310925126075745,-0.09572575241327286,0.5799235105514526,0.6765163540840149,-0.12270727008581161,0.43280985951423645,0.7054898738861084,-0.022504154592752457,0.4774667024612427,0.6208792328834534,-0.049153294414281845,0.49976956844329834,0.569167971611023,-0.0695262998342514,0.5237117409706116,0.5225144028663635,-0.08641908317804337,0.36747413873672485,0.6931750774383545,-0.03046174719929695,0.3912923038005829,0.6008355021476746,-0.05177323892712593,0.4062694311141968,0.5451763868331909,-0.07765986025333405,0.42392271757125854,0.4918138384819031,-0.10065281391143799,0.2999266982078552,0.7031496167182922,-0.046650663018226624,0.31203779578208923,0.6187328696250916,-0.0738668143749237,0.3232014775276184,0.5684150457382202,-0.10088744014501572,0.3376440405845642,0.5218808650970459,-0.12090851366519928,0.23245276510715485,0.7273346781730652,-0.06968270987272263,0.21482142806053162,0.6648560166358948,-0.0937705710530281,0.2118631899356842,0.6246671080589294,-0.11340060085058212,0.2135935127735138,0.5859917402267456,-0.12833820283412933
NEUTRAL,0.4465460777282715,0.8101825714111328,1.9146510155110263e-08,0.5726629495620728,0.7746661901473999,-0.061571039259433746,0.6869576573371887,0.7051742076873779,-0.09787328541278839,0.7697398662567139,0.6403037309646606,-0.13283422589302063,0.851029634475708,0.6064921617507935,-0.16969895362854004,0.602780818939209,0.5738256573677063,-0.04556170478463173,0.6644808650016785,0.4802122116088867,-0.07385928928852081,0.6959609389305115,0.42339468002319336,-0.09588294476270676,0.7199311256408691,0.370724618434906,-0.11500760912895203,0.5225527286529541,0.5537111163139343,-0.04889337718486786,0.558476448059082,0.44865864515304565,-0.0661574974656105,0.5749890208244324,0.38502031564712524,-0.09051765501499176,0.5883967280387878,0.3269220292568207,-0.11621912568807602,0.4421491026878357,0.5612594485282898,-0.060532595962285995,0.4512683153152466,0.46589428186416626,-0.08523889631032944,0.4615664482116699,0.4058794379234314,-0.11613258719444275,0.4707655608654022,0.35228022933006287,-0.14174751937389374,0.36631596088409424,0.5883356332778931,-0.08013321459293365,0.32588300108909607,0.5181515216827393,-0.10401741415262222,0.3036500811576843,0.4745131731033325,-0.1246132031083107,0.28819039463996887,0.4328855574131012,-0.1418340504169464
NEUTRAL,0.4243113100528717,0.8034254312515259,1.266579729986006e-08,0.5476265549659729,0.7627958059310913,-0.042457859963178635,0.6333233118057251,0.6786260008811951,-0.06370754539966583,0.6703969836235046,0.5952537059783936,-0.08873402327299118,0.7121099829673767,0.533340334892273,-0.11670724302530289,0.5848686695098877,0.5699533224105835,0.0004098449426237494,0.631995439529419,0.4857468008995056,-0.027744947001338005,0.6569949984550476,0.43220770359039307,-0.05158858373761177,0.680742084980011,0.38587838411331177,-0.07026506960391998,0.5215803384780884,0.5555453300476074,-0.011620920151472092,0.5531934499740601,0.45823025703430176,-0.03529854491353035,0.5729869604110718,0.4024650454521179,-0.06810688972473145,0.5933342576026917,0.3480750322341919,-0.09321638196706772,0.4542442560195923,0.5593694448471069,-0.03372141718864441,0.48492249846458435,0.46642178297042847,-0.06416407972574234,0.5048069357872009,0.4131755232810974,-0.097532719373703,0.5280773639678955,0.3652803301811218,-0.12069155275821686,0.388724148273468,0.5785967707633972,-0.06275296956300735,0.41023945808410645,0.504173994064331,-0.09130722284317017,0.4303034245967865,0.45940035581588745,-0.11454906314611435,0.44981151819229126,0.41668620705604553,-0.1327275037765503
JUMP,0.3103221356868744,0.736983597278595,1.465504961828401e-08,0.3991832733154297,0.6951196193695068,-0.05866994708776474,0.4785584509372711,0.6391505599021912,-0.11708935350179672,0.4882008135318756,0.5828666090965271,-0.17989332973957062,0.4183797836303711,0.5571783185005188,-0.24269729852676392,0.43668994307518005,0.49826478958129883,-0.06267870962619781,0.46527108550071716,0.38780826330184937,-0.13220572471618652,0.4804074764251709,0.320809930562973,-0.18006037175655365,0.4808971881866455,0.26430830359458923,-0.2114623636007309,0.3575417101383209,0.504143476486206,-0.08710712939500809,0.3685467541217804,0.4117004871368408,-0.18557241559028625,0.38738662004470825,0.48696884512901306,-0.2119634598493576,0.39656874537467957,0.5412130355834961,-0.20711952447891235,0.2854471206665039,0.5228257179260254,-0.1220167875289917,0.28701573610305786,0.44570448994636536,-0.21764253079891205,0.32505106925964355,0.5132955312728882,-0.23100508749485016,0.34127819538116455,0.5687768459320068,-0.21730847656726837,0.21556180715560913,0.5606387257575989,-0.16477695107460022,0.21484887599945068,0.4982631504535675,-0.21947988867759705,0.26433536410331726,0.53190016746521,-0.22649523615837097,0.29246997833251953,0.5693077445030212,-0.21981395781040192
JUMP,0.24490439891815186,0.7826387882232666,5.812009540306917e-09,0.32772454619407654,0.725706934928894,-0.04697715491056442,0.3606824278831482,0.6468663811683655,-0.09107643365859985,0.2983171343803406,0.5855554342269897,-0.1435554176568985,0.2145981341600418,0.5642772316932678,-0.19552655518054962,0.32208555936813354,0.5245973467826843,-0.0159129835665226,0.331177294254303,0.41814398765563965,-0.07046574354171753,0.3246011734008789,0.3496883511543274,-0.11249125003814697,0.3196653723716736,0.2949947416782379,-0.14152398705482483,0.23921920359134674,0.5396814942359924,-0.04073469713330269,0.2239585518836975,0.45579224824905396,-0.12383347749710083,0.23134346306324005,0.5207939147949219,-0.1515965610742569,0.24764740467071533,0.5683196187019348,-0.14719508588314056,0.1709965318441391,0.5703986287117004,-0.07617916911840439,0.1438404619693756,0.5068312287330627,-0.16023018956184387,0.17641660571098328,0.5730361342430115,-0.16844061017036438,0.20653890073299408,0.6246161460876465,-0.14863404631614685,0.11254268884658813,0.6173612475395203,-0.12078630924224854,0.08702030777931213,0.5615123510360718,-0.1673402488231659,0.12335733324289322,0.5994778275489807,-0.1664091795682907,0.16077938675880432,0.6388646960258484,-0.1532047837972641
JUMP,0.3343760669231415,0.7977216839790344,1.7068096269667876e-08,0.46650245785713196,0.7375168800354004,0.018444832414388657,0.5642397403717041,0.6652886867523193,-0.024538736790418625,0.6403880715370178,0.6134745478630066,-0.0924222394824028,0.6685380935668945,0.5693675875663757,-0.16088832914829254,0.4444248080253601,0.5076643228530884,0.010416727513074875,0.5130606889724731,0.40907788276672363,-0.05014943704009056,0.5542653203010559,0.34800565242767334,-0.10337495803833008,0.5831185579299927,0.29888784885406494,-0.14280472695827484,0.382889062166214,0.5106772184371948,-0.05923785641789436,0.5530065298080444,0.4565677046775818,-0.13460184633731842,0.6275142431259155,0.5242447257041931,-0.16554906964302063,0.6432632207870483,0.5871036052703857,-0.17328588664531708,0.34728318452835083,0.5408217906951904,-0.13450860977172852,0.5211479067802429,0.5131515264511108,-0.18847987055778503,0.5866291522979736,0.5807152390480042,-0.18465806543827057,0.6017173528671265,0.6378437876701355,-0.17757374048233032,0.33424973487854004,0.5877650380134583,-0.21569852530956268,0.47446537017822266,0.5714566111564636,-0.23844286799430847,0.5372640490531921,0.607271671295166,-0.2291214019060135,0.5562539100646973,0.6494566202163696,-0.22073209285736084
JUMP,0.3099037706851959,0.8040915131568909,1.6805593361368665e-08,0.4419671595096588,0.7416700124740601,0.016508599743247032,0.5390191674232483,0.6680518984794617,-0.030335597693920135,0.61412513256073,0.615293562412262,-0.10324159264564514,0.653685450553894,0.570321798324585,-0.17679405212402344,0.4197309613227844,0.509861171245575,0.006835685111582279,0.4888914227485657,0.40886151790618896,-0.058899424970149994,0.5299153327941895,0.34814125299453735,-0.11530879139900208,0.5565446615219116,0.2946963906288147,-0.15658625960350037,0.3550189137458801,0.5147426724433899,-0.06445416808128357,0.5227077007293701,0.4538312256336212,-0.1464345008134842,0.59949791431427,0.5266438722610474,-0.1782306283712387,0.6154882907867432,0.5887367725372314,-0.18598809838294983,0.31880635023117065,0.5454456806182861,-0.14308249950408936,0.4898117184638977,0.5125232338905334,-0.20246079564094543,0.560230016708374,0.5862758755683899,-0.19824685156345367,0.5776973366737366,0.6438835859298706,-0.19144707918167114,0.3013903498649597,0.5944249033927917,-0.22697827219963074,0.4427833557128906,0.5755001902580261,-0.25628432631492615,0.5069420337677002,0.6156065464019775,-0.24498330056667328,0.5307062268257141,0.6564763784408569,-0.23751311004161835
JUMP,0.5150262713432312,0.7668588757514954,1.4815537241474885e-08,0.6164944767951965,0.7359751462936401,-0.055432479828596115,0.7095638513565063,0.6761124134063721,-0.11519011110067368,0.7237740159034729,0.615703821182251,-0.18236225843429565,0.6560198664665222,0.5779414176940918,-0.24821040034294128,0.6708645820617676,0.5254930853843689,-0.059051476418972015,0.710675060749054,0.4126218557357788,-0.13151974976062775,0.7258790731430054,0.3428044021129608,-0.18342149257659912,0.730351448059082,0.28466472029685974,-0.21978801488876343,0.5908502340316772,0.5258278846740723,-0.0890185534954071,0.6217140555381775,0.44075724482536316,-0.19012987613677979,0.6375275254249573,0.5216376781463623,-0.21996454894542694,0.6417799592018127,0.578850507736206,-0.21713995933532715,0.5118778944015503,0.5464005470275879,-0.12913648784160614,0.5425527095794678,0.475460946559906,-0.22631984949111938,0.5757871866226196,0.5518675446510315,-0.2369120568037033,0.5926985144615173,0.6139870285987854,-0.2220829874277115,0.4382079541683197,0.5820983648300171,-0.17777231335639954,0.4686843752861023,0.5307362079620361,-0.23497015237808228,0.5182979106903076,0.5761111378669739,-0.23938356339931488,0.5453395843505859,0.6184897422790527,-0.23161597549915314
JUMP,0.5148988366127014,0.8648937940597534,1.5094121508241187e-08,0.6161339282989502,0.8320971727371216,-0.05548560246825218,0.7112893462181091,0.7754942178726196,-0.12014386057853699,0.7183787822723389,0.7234493494033813,-0.19352513551712036,0.6513984799385071,0.6874530911445618,-0.2651078402996063,0.6785401105880737,0.6204529404640198,-0.07491005957126617,0.7159822583198547,0.5015591382980347,-0.1536870151758194,0.7334388494491577,0.4288710355758667,-0.2088129073381424,0.7367843389511108,0.3684053122997284,-0.24622297286987305,0.5938867926597595,0.6227539777755737,-0.10647479444742203,0.6230786442756653,0.5423495173454285,-0.21546757221221924,0.6410732865333557,0.6243950724601746,-0.24280570447444916,0.6416213512420654,0.6856388449668884,-0.2365107387304306,0.512568473815918,0.6419042944908142,-0.1469424068927765,0.5427514314651489,0.5872521996498108,-0.24838125705718994,0.57687908411026,0.6725137233734131,-0.24964024126529694,0.592362105846405,0.7334160804748535,-0.22841723263263702,0.43431758880615234,0.6814115643501282,-0.19766183197498322,0.46697741746902466,0.6372241973876953,-0.256834477186203,0.5140494704246521,0.6895363926887512,-0.2546762228012085,0.5358334183692932,0.7349328398704529,-0.24100714921951294
JUMP,0.36194396018981934,0.8168856501579285,3.985089591651558e-09,0.4536334276199341,0.764821469783783,-0.0524510033428669,0.49658653140068054,0.6912192106246948,-0.10237739980220795,0.431203156709671,0.6313044428825378,-0.16061760485172272,0.3470759689807892,0.6062670946121216,-0.21868370473384857,0.4719121754169464,0.557769775390625,-0.021034810692071915,0.4953918159008026,0.44854727387428284,-0.07848063856363297,0.49918198585510254,0.38011807203292847,-0.12257429212331772,0.4998708963394165,0.3243352174758911,-0.15173792839050293,0.38609129190444946,0.5676412582397461,-0.045007750391960144,0.3812938928604126,0.4786440432071686,-0.1334562450647354,0.3746963441371918,0.5446938276290894,-0.16113993525505066,0.3810775876045227,0.5947914123535156,-0.15678714215755463,0.3165792226791382,0.594061553478241,-0.08009116351604462,0.29804563522338867,0.532710611820221,-0.16679854691028595,0.31554052233695984,0.6082538366317749,-0.17141248285770416,0.3372792601585388,0.661001443862915,-0.14799454808235168,0.25118181109428406,0.6385650634765625,-0.12527301907539368,0.230220228433609,0.5764312744140625,-0.17149955034255981,0.2575885057449341,0.6238740682601929,-0.16801732778549194,0.290214866399765,0.6668273210525513,-0.1519990861415863
JUMP,0.28597497940063477,0.7260990142822266,5.248965706527997e-09,0.3730253577232361,0.6749333143234253,-0.05344840884208679,0.41079866886138916,0.5957422256469727,-0.09502894431352615,0.3416845500469208,0.5237681865692139,-0.1434464156627655,0.25317463278770447,0.49342837929725647,-0.18713393807411194,0.3948526382446289,0.4693891704082489,-0.003257213858887553,0.40997689962387085,0.3611909747123718,-0.049965448677539825,0.41161608695983887,0.2936605215072632,-0.07959211617708206,0.4094405472278595,0.24017852544784546,-0.10130687803030014,0.30818483233451843,0.47852712869644165,-0.022531749680638313,0.3016486167907715,0.3906880021095276,-0.09391096234321594,0.3074086308479309,0.45631173253059387,-0.10706881433725357,0.31543973088264465,0.4972229301929474,-0.09296497702598572,0.23412258923053741,0.5054618120193481,-0.05491039529442787,0.21259266138076782,0.44006747007369995,-0.13080455362796783,0.23861163854599,0.5096862316131592,-0.12684859335422516,0.2557068169116974,0.5534586906433105,-0.09872690588235855,0.16599126160144806,0.5505929589271545,-0.09717892855405807,0.1432470977306366,0.4861563444137573,-0.13768447935581207,0.17727947235107422,0.5291529297828674,-0.12968656420707703,0.20368921756744385,0.5687594413757324,-0.10956279188394547
JUMP,0.48489129543304443,0.6821976900100708,1.1074980932335166e-08,0.5897557139396667,0.6462684869766235,-0.06251642853021622,0.6849330067634583,0.5783705115318298,-0.13577485084533691,0.7211085557937622,0.5183694362640381,-0.21967847645282745,0.6551578640937805,0.4694916009902954,-0.3040659725666046,0.6239503026008606,0.4036124050617218,-0.06987130641937256,0.6540684103965759,0.28036367893218994,-0.1542588174343109,0.6633601188659668,0.2018374651670456,-0.220452681183815,0.6620708703994751,0.139850914478302,-0.2682593762874603,0.5337358117103577,0.41457507014274597,-0.1062585785984993,0.5775282382965088,0.3237122595310211,-0.22258172929286957,0.6201914548873901,0.4053296446800232,-0.265743225812912,0.6358283758163452,0.47591134905815125,-0.27445295453071594,0.4476587474346161,0.440275639295578,-0.15435560047626495,0.5015162229537964,0.3776690363883972,-0.2610980272293091,0.5597431659698486,0.4630255103111267,-0.27793681621551514,0.5888608694076538,0.5317346453666687,-0.26806581020355225,0.37009161710739136,0.4891450107097626,-0.21193651854991913,0.4274088144302368,0.436515212059021,-0.2765819728374481,0.4950641393661499,0.48463335633277893,-0.28548526763916016,0.5294737815856934,0.5316179394721985,-0.28084006905555725
JUMP,0.4103800058364868,0.7533441185951233,1.7341530877956757e-08,0.5253058671951294,0.7013368010520935,-0.038344334810972214,0.6186674237251282,0.6313815116882324,-0.1093011274933815,0.6768853664398193,0.572176456451416,-0.19646531343460083,0.642167866230011,0.5305019021034241,-0.28422245383262634,0.5039449334144592,0.4515984058380127,-0.05257522687315941,0.5178157687187195,0.32563266158103943,-0.13667581975460052,0.526914656162262,0.24952168762683868,-0.20951029658317566,0.5223240256309509,0.18591439723968506,-0.26366671919822693,0.41780176758766174,0.46450722217559814,-0.10337159037590027,0.5099140405654907,0.3940547704696655,-0.20990559458732605,0.5844762325286865,0.4753616154193878,-0.25615596771240234,0.6088752150535583,0.542709231376648,-0.26979392766952515,0.34977585077285767,0.49435243010520935,-0.16335873305797577,0.4543783664703369,0.44856351613998413,-0.2539817988872528,0.5360105037689209,0.526439905166626,-0.26722443103790283,0.5645042061805725,0.5943363308906555,-0.26564323902130127,0.3007009029388428,0.5447078943252563,-0.23342609405517578,0.39760348200798035,0.5120652914047241,-0.2848154306411743,0.48068416118621826,0.5548548698425293,-0.2897566854953766,0.5252252221107483,0.5959959626197815,-0.2893613874912262
JUMP,0.3259040415287018,0.8034100532531738,1.7740523716724965e-08,0.4883347153663635,0.7188660502433777,0.06251848489046097,0.5908311009407043,0.638852596282959,0.032342616468667984,0.6807516813278198,0.5853308439254761,-0.03416585177183151,0.71787428855896,0.5430837273597717,-0.10173126310110092,0.41993042826652527,0.4634942412376404,0.05955903232097626,0.4658920466899872,0.3591960072517395,0.00546970684081316,0.4891278147697449,0.2831944525241852,-0.05665241926908493,0.5020643472671509,0.22328424453735352,-0.10680461674928665,0.3690204620361328,0.47799599170684814,-0.03580411896109581,0.5869180560112,0.4291350245475769,-0.10484926402568817,0.6754047870635986,0.5003513693809509,-0.14617593586444855,0.6957476735115051,0.567474365234375,-0.1653067022562027,0.35403281450271606,0.5157697796821594,-0.13507798314094543,0.5631878972053528,0.4817301630973816,-0.17894133925437927,0.6449931859970093,0.5521146059036255,-0.18084383010864258,0.66242516040802,0.6115814447402954,-0.1821121722459793,0.36679941415786743,0.5745787024497986,-0.23569945991039276,0.5351964235305786,0.5421285033226013,-0.2530333995819092,0.6121382713317871,0.5709832310676575,-0.24161836504936218,0.6434928178787231,0.6107136011123657,-0.237813338637352
JUMP,0.32177814841270447,0.730482280254364,1.3941790832916467e-08,0.3849092721939087,0.6903868913650513,-0.07821973413228989,0.40247949957847595,0.6197044253349304,-0.12418227642774582,0.3184201419353485,0.5695260763168335,-0.17066125571727753,0.23437708616256714,0.5628941655158997,-0.21721968054771423,0.40884122252464294,0.5019435286521912,-0.04042081534862518,0.4366188049316406,0.3973172903060913,-0.08811142295598984,0.4431751072406769,0.3308453857898712,-0.12743976712226868,0.4458104968070984,0.27580925822257996,-0.1556449681520462,0.33072105050086975,0.5045400857925415,-0.038156453520059586,0.310010701417923,0.42821794748306274,-0.10845093429088593,0.30039212107658386,0.49140822887420654,-0.13617941737174988,0.30393698811531067,0.54217129945755,-0.1356232613325119,0.2657589614391327,0.5250766277313232,-0.04703512787818909,0.236666738986969,0.4787651598453522,-0.11401251703500748,0.2499905824661255,0.5349100828170776,-0.13037946820259094,0.2654152810573578,0.5733823776245117,-0.12132202833890915,0.2111826241016388,0.5598062872886658,-0.06697738915681839,0.1803567111492157,0.5128481388092041,-0.10130031406879425,0.20272141695022583,0.5504697561264038,-0.10757697373628616,0.22664865851402283,0.5809003114700317,-0.10280989110469818
JUMP,0.38682821393013,0.7615225911140442,1.506645297411069e-08,0.47054725885391235,0.7196342945098877,-0.05150911211967468,0.5376912355422974,0.6546540856361389,-0.1058158427476883,0.5068233013153076,0.5999425649642944,-0.1673634797334671,0.42965129017829895,0.5852431058883667,-0.2297339290380478,0.5145118236541748,0.5235061049461365,-0.06401611864566803,0.5782531499862671,0.4257652759552002,-0.13453257083892822,0.614027738571167,0.3604620099067688,-0.18233896791934967,0.6391822695732117,0.3053719401359558,-0.2155812531709671,0.4341164529323578,0.5284149646759033,-0.0907580628991127,0.44542860984802246,0.4382106065750122,-0.18628853559494019,0.45431578159332275,0.5065696835517883,-0.20932775735855103,0.4569372236728668,0.5626171231269836,-0.20439079403877258,0.3555225431919098,0.550514817237854,-0.12671570479869843,0.3594273626804352,0.4834321141242981,-0.2173914909362793,0.3945390284061432,0.5512208938598633,-0.2246323823928833,0.414957195520401,0.604926347732544,-0.20702384412288666,0.2869376540184021,0.5913524031639099,-0.17131304740905762,0.29312437772750854,0.5365211367607117,-0.22364498674869537,0.34451180696487427,0.5756182670593262,-0.22578434646129608,0.37678128480911255,0.6157060861587524,-0.21656866371631622
DUCK,0.31881868839263916,0.6520697474479675,8.09118994027358e-09,0.4356846809387207,0.6339402198791504,-0.03131350129842758,0.5387738347053528,0.555489718914032,-0.0443747453391552,0.5578426122665405,0.48138025403022766,-0.05687781795859337,0.5098123550415039,0.43775486946105957,-0.059166330844163895,0.4535644054412842,0.46736761927604675,0.0018123177578672767,0.48350125551223755,0.44411900639533997,-0.016703324392437935,0.46657976508140564,0.5132511854171753,-0.0027019057888537645,0.46452492475509644,0.5179696679115295,0.005763135384768248,0.3801793158054352,0.46885237097740173,-0.013165904209017754,0.4179505705833435,0.4303968548774719,-0.04945411905646324,0.40615636110305786,0.5183103680610657,-0.029443619772791862,0.3944300711154938,0.51179438829422,0.0007683598669245839,0.3049365282058716,0.47398579120635986,-0.0382627509534359,0.35164564847946167,0.43690961599349976,-0.07914891839027405,0.3487212657928467,0.5175904631614685,-0.05216125771403313,0.32945922017097473,0.5187138319015503,-0.01645214669406414,0.2307165563106537,0.4759962558746338,-0.0682087242603302,0.27042922377586365,0.4515216648578644,-0.08126997202634811,0.27985551953315735,0.5048666000366211,-0.0630735382437706,0.26445698738098145,0.5075981020927429,-0.04018845036625862
DUCK,0.311076819896698,0.6418742537498474,6.890061410302906e-09,0.43001824617385864,0.6215935945510864,-0.03169295936822891,0.5316982269287109,0.5430607795715332,-0.046170685440301895,0.5492415428161621,0.4685458242893219,-0.05887044593691826,0.5012564659118652,0.42223501205444336,-0.06180550530552864,0.4463844299316406,0.4552764892578125,0.00043479041778482497,0.47769343852996826,0.43121370673179626,-0.017045900225639343,0.4610068202018738,0.5021178722381592,-0.0022524436935782433,0.4576554000377655,0.5053907036781311,0.006695596035569906,0.37291210889816284,0.4564434885978699,-0.014393062330782413,0.4132629632949829,0.4167758822441101,-0.05014994740486145,0.4007490873336792,0.5055363178253174,-0.029914993792772293,0.3876017928123474,0.49980247020721436,0.0007275904645211995,0.29805058240890503,0.4622378349304199,-0.03900237753987312,0.3475462794303894,0.4241819679737091,-0.07958517223596573,0.34582749009132385,0.5036852359771729,-0.052661675959825516,0.3244767189025879,0.5061669945716858,-0.01721523143351078,0.22496356070041656,0.4647369384765625,-0.06840937584638596,0.2665252983570099,0.4404009282588959,-0.08110914379358292,0.2781274914741516,0.4933748245239258,-0.06299081444740295,0.2619858682155609,0.4964348375797272,-0.040215909481048584
DUCK,0.3863452970981598,0.6954405903816223,7.376574462369945e-09,0.5181061029434204,0.6685070991516113,-0.017977597191929817,0.6312997341156006,0.5932388305664062,-0.0341121144592762,0.6695879697799683,0.5202985405921936,-0.0488869734108448,0.6287075281143188,0.4745667576789856,-0.05314721539616585,0.5494123697280884,0.4899817407131195,-0.017388414591550827,0.6151566505432129,0.4826706051826477,-0.03592497855424881,0.5724602937698364,0.553458034992218,-0.01892935112118721,0.5487678647041321,0.5522953867912292,-0.009215407073497772,0.4677146077156067,0.47848227620124817,-0.037888914346694946,0.5448823571205139,0.46758878231048584,-0.07656341046094894,0.5099337100982666,0.5539171695709229,-0.05079048499464989,0.4770578145980835,0.5399224758148193,-0.018325062468647957,0.39041757583618164,0.4828614592552185,-0.06308776140213013,0.47050556540489197,0.4748574495315552,-0.10176225751638412,0.4539420008659363,0.5530635118484497,-0.0684659406542778,0.41413190960884094,0.541955292224884,-0.029549729079008102,0.32310760021209717,0.48742297291755676,-0.09136848896741867,0.38804763555526733,0.4938174784183502,-0.09571937471628189,0.3889218866825104,0.5474060773849487,-0.07106438279151917,0.3551141321659088,0.5374351739883423,-0.04565403237938881
DUCK,0.47980940341949463,0.7072756290435791,9.562085345748983e-09,0.6080625653266907,0.6939217448234558,-0.02599150501191616,0.7218862771987915,0.6149490475654602,-0.04765606299042702,0.7549659013748169,0.5374608635902405,-0.06970855593681335,0.7190544605255127,0.4821907877922058,-0.08104813098907471,0.6565383672714233,0.5116044878959656,-0.017636025324463844,0.7126862406730652,0.5011306405067444,-0.04094184190034866,0.6733835935592651,0.5772208571434021,-0.02881147898733616,0.6550344228744507,0.5832181572914124,-0.02247026562690735,0.5726230144500732,0.4956986904144287,-0.03885297104716301,0.6424144506454468,0.4821311831474304,-0.08295795321464539,0.6074307560920715,0.575746476650238,-0.06463558971881866,0.580358624458313,0.5668954849243164,-0.03736092150211334,0.48987939953804016,0.4935162663459778,-0.06666477024555206,0.5651784539222717,0.48660171031951904,-0.10856153070926666,0.5469101667404175,0.5724548101425171,-0.08116749674081802,0.5085492134094238,0.566378116607666,-0.04771574214100838,0.4121517539024353,0.49318593740463257,-0.0978187620639801,0.4808315336704254,0.4998666048049927,-0.10509996116161346,0.47960829734802246,0.5594766736030579,-0.08397255092859268,0.44456785917282104,0.5527172684669495,-0.06200958415865898
DUCK,0.41996443271636963,0.7026329040527344,9.042366855283035e-09,0.5628790259361267,0.6911525726318359,-0.055803216993808746,0.6852946877479553,0.587156355381012,-0.07203388959169388,0.6969992518424988,0.4883403182029724,-0.08059367537498474,0.6350140571594238,0.44193825125694275,-0.0771697610616684,0.5891141891479492,0.49415454268455505,-0.0305518489331007,0.6036611795425415,0.4510684013366699,-0.05567152425646782,0.5928298830986023,0.5355651378631592,-0.03555603325366974,0.5984888672828674,0.5434326529502869,-0.0215969979763031,0.5003993511199951,0.49767208099365234,-0.03591817617416382,0.5223999619483948,0.44141313433647156,-0.07789404690265656,0.5181124210357666,0.5503056645393372,-0.048165254294872284,0.5155055522918701,0.546916663646698,-0.007107091136276722,0.412112295627594,0.5050793886184692,-0.05435464158654213,0.4438627362251282,0.45084306597709656,-0.10489028692245483,0.45102643966674805,0.5481194257736206,-0.07223141938447952,0.4458468556404114,0.5550397038459778,-0.02849421091377735,0.32825860381126404,0.5060588121414185,-0.07967185229063034,0.34717482328414917,0.47269517183303833,-0.0983058512210846,0.3649204969406128,0.5373771786689758,-0.07881587743759155,0.3629673719406128,0.5417223572731018,-0.05244514346122742
DUCK,0.3299345374107361,0.7072290182113647,5.717470497046406e-09,0.47670382261276245,0.69168621301651,-0.0643121749162674,0.5998597145080566,0.5825969576835632,-0.08127587288618088,0.6088554859161377,0.47779539227485657,-0.08883800357580185,0.5364111661911011,0.43361997604370117,-0.08202526718378067,0.5028892755508423,0.48563647270202637,-0.03465976566076279,0.5135979056358337,0.43849998712539673,-0.058146655559539795,0.5085752606391907,0.5293682217597961,-0.03425099700689316,0.5167023539543152,0.5368077754974365,-0.017696067690849304,0.4080160856246948,0.4922022223472595,-0.036686550825834274,0.4244651794433594,0.4355660378932953,-0.07739261537790298,0.4245852530002594,0.5500456690788269,-0.04271581396460533,0.4255761504173279,0.5436369180679321,0.0005173417157493532,0.31798502802848816,0.5046829581260681,-0.05269646644592285,0.341045618057251,0.44974803924560547,-0.10477978736162186,0.354577898979187,0.5529173016548157,-0.07221493870019913,0.3519837558269501,0.5581480264663696,-0.02631416916847229,0.23393236100673676,0.5119520425796509,-0.07623445242643356,0.24286364018917084,0.47614920139312744,-0.09544634073972702,0.26481205224990845,0.543070375919342,-0.0766432136297226,0.2659856677055359,0.5478904247283936,-0.0498010590672493
DUCK,0.3938812017440796,0.6706379055976868,1.2110860758696163e-08,0.5242470502853394,0.6279128789901733,-0.030243175104260445,0.6135647296905518,0.518225371837616,-0.04808483272790909,0.6190088987350464,0.4331910014152527,-0.06729892641305923,0.5520586967468262,0.39230209589004517,-0.07302016019821167,0.500252366065979,0.4225407838821411,0.0016028964892029762,0.5629170536994934,0.40003976225852966,-0.021562112495303154,0.5502104163169861,0.48848822712898254,-0.009491297416388988,0.5323235988616943,0.4940101206302643,-0.0036377795040607452,0.4074453115463257,0.42741161584854126,-0.019743220880627632,0.4876802861690521,0.393828809261322,-0.06673671305179596,0.48649245500564575,0.4997062087059021,-0.049308449029922485,0.4502292573451996,0.4921702444553375,-0.019776292145252228,0.32250022888183594,0.44173404574394226,-0.05063127726316452,0.41386014223098755,0.4130341410636902,-0.09630195051431656,0.42300745844841003,0.5098154544830322,-0.06938237696886063,0.3775404393672943,0.507577657699585,-0.03321954235434532,0.24231992661952972,0.45594918727874756,-0.08611616492271423,0.3294047713279724,0.44593632221221924,-0.09306101500988007,0.34787553548812866,0.5091620683670044,-0.07216031849384308,0.3060123324394226,0.5066457390785217,-0.04934151843190193
DUCK,0.42709070444107056,0.6750536561012268,1.2429447693307338e-08,0.5465614199638367,0.6212260127067566,0.00624508410692215,0.6072885394096375,0.5164346098899841,-0.004457542207092047,0.6018581986427307,0.44021284580230713,-0.024316608905792236,0.5510258078575134,0.3949897289276123,-0.033789828419685364,0.4798126816749573,0.43334442377090454,0.037862710654735565,0.5680583715438843,0.41097885370254517,0.02182762697339058,0.5671921968460083,0.490156352519989,0.02701677940785885,0.5359276533126831,0.5031810402870178,0.025538474321365356,0.3978239893913269,0.4343167841434479,0.0010870444821193814,0.5145155787467957,0.40982407331466675,-0.04217694699764252,0.5121175646781921,0.5052013397216797,-0.04027627035975456,0.4642461836338043,0.5066421627998352,-0.02573457546532154,0.32860156893730164,0.4451943039894104,-0.04000474512577057,0.4513721764087677,0.42951831221580505,-0.07650982588529587,0.4601213335990906,0.5180463194847107,-0.05991660803556442,0.4025847911834717,0.523642361164093,-0.0367162711918354,0.2649195194244385,0.46332067251205444,-0.08254373073577881,0.3813212811946869,0.45786407589912415,-0.08157829940319061,0.3977198898792267,0.5173730850219727,-0.06456270813941956,0.3429993987083435,0.5200573801994324,-0.0489952526986599
DUCK,0.36235642433166504,0.6916744709014893,7.76752084874488e-09,0.5075972080230713,0.6694793701171875,-0.040045443922281265,0.6339160799980164,0.572184145450592,-0.05660661309957504,0.6595845222473145,0.48105302453041077,-0.06875599175691605,0.6032349467277527,0.42839014530181885,-0.06780575960874557,0.5358791351318359,0.46861159801483154,-0.014448600821197033,0.5763434171676636,0.44079670310020447,-0.033275049179792404,0.5544250011444092,0.5264401435852051,-0.012327548116445541,0.547989010810852,0.5293673276901245,-7.317626295844093e-05,0.44398775696754456,0.46658116579055786,-0.02911778911948204,0.49288976192474365,0.4257867932319641,-0.06797544658184052,0.4774051606655121,0.5312625169754028,-0.03814498335123062,0.4624081552028656,0.5203383564949036,0.00017180513532366604,0.35283687710762024,0.47447720170021057,-0.05446859449148178,0.4138268232345581,0.4350896179676056,-0.09794165194034576,0.4126419425010681,0.529433012008667,-0.063665471971035,0.38396120071411133,0.5253810286521912,-0.021668659523129463,0.2686191201210022,0.47583648562431335,-0.0853850319981575,0.3145180344581604,0.4551782011985779,-0.09624481201171875,0.32700568437576294,0.5155037641525269,-0.07432163506746292,0.30562806129455566,0.5124070644378662,-0.0480545349419117
DUCK,0.3189172148704529,0.7063949704170227,4.298407851877073e-09,0.4620141386985779,0.7086237072944641,-0.07401678711175919,0.6106624007225037,0.6261362433433533,-0.09739792346954346,0.6478145122528076,0.5254554152488708,-0.10965189337730408,0.5989643931388855,0.4612506031990051,-0.10732787102460861,0.5558963418006897,0.5156399607658386,-0.04644536226987839,0.578609049320221,0.4652564227581024,-0.07641124725341797,0.5470501184463501,0.5497465133666992,-0.05693870410323143,0.5493671298027039,0.5628161430358887,-0.04327622801065445,0.4652862548828125,0.5015475749969482,-0.043698783963918686,0.49002861976623535,0.44872117042541504,-0.09070754051208496,0.45608818531036377,0.5584107637405396,-0.06303047388792038,0.46437424421310425,0.5537112355232239,-0.02542346529662609,0.3750816881656647,0.49608802795410156,-0.05549498647451401,0.40806224942207336,0.44393086433410645,-0.11373655498027802,0.3881934583187103,0.5437777638435364,-0.08634117990732193,0.3877345621585846,0.5514804720878601,-0.0454241968691349,0.2906339168548584,0.4839341342449188,-0.07500273734331131,0.3066408932209015,0.4519812762737274,-0.09859515726566315,0.304712176322937,0.5195099115371704,-0.08324248343706131,0.3039827048778534,0.5265248417854309,-0.059262730181217194
DUCK,0.4742021858692169,0.6778001189231873,8.800968842592738e-09,0.565405011177063,0.624576210975647,0.034030038863420486,0.5932585000991821,0.5382478833198547,0.03636462241411209,0.5858222842216492,0.46861395239830017,0.02079155668616295,0.5521045923233032,0.4250614643096924,0.012112386524677277,0.4769706428050995,0.4647972285747528,0.09607512503862381,0.5673107504844666,0.4400939643383026,0.08970307558774948,0.5721564888954163,0.501512885093689,0.08904388546943665,0.5441267490386963,0.5224797129631042,0.08267184346914291,0.41954952478408813,0.46011751890182495,0.047735437750816345,0.5349986553192139,0.43077000975608826,0.014172316528856754,0.5416156649589539,0.5092744827270508,0.000589654897339642,0.49950599670410156,0.5200148224830627,0.0013518288033083081,0.36916857957839966,0.4641837179660797,-0.004579910077154636,0.49600180983543396,0.43646013736724854,-0.03444202244281769,0.5047305226325989,0.5167946219444275,-0.033343397080898285,0.4493328332901001,0.5314491987228394,-0.023455733433365822,0.3232409954071045,0.47671836614608765,-0.056634336709976196,0.44130000472068787,0.4596191942691803,-0.055673032999038696,0.4560554027557373,0.5099711418151855,-0.046856533735990524,0.4038504362106323,0.5218505263328552,-0.039687976241111755
DUCK,0.17788353562355042,0.4228253960609436,3.1664684208010385e-09,0.28318488597869873,0.44470712542533875,-0.07233473658561707,0.42437297105789185,0.3822301924228668,-0.09195996820926666,0.4726281762123108,0.2906671464443207,-0.09925273805856705,0.4396475851535797,0.23686206340789795,-0.09367940574884415,0.3942999243736267,0.2817891538143158,-0.04615785926580429,0.41830921173095703,0.23510080575942993,-0.06901445239782333,0.3779711127281189,0.3026818037033081,-0.04835161939263344,0.3787175714969635,0.3179895579814911,-0.03335105627775192,0.31990599632263184,0.2683798670768738,-0.03735318034887314,0.34244006872177124,0.21791447699069977,-0.07607005536556244,0.30325859785079956,0.3110223114490509,-0.04938920587301254,0.30989935994148254,0.31171849370002747,-0.013333010487258434,0.24945354461669922,0.2582540810108185,-0.04179999232292175,0.2766057550907135,0.2105535864830017,-0.09504309296607971,0.24765920639038086,0.29813191294670105,-0.07322409749031067,0.24609482288360596,0.31010356545448303,-0.036523111164569855,0.1845695972442627,0.24745170772075653,-0.053154170513153076,0.19180826842784882,0.21838369965553284,-0.07820452004671097,0.18182885646820068,0.28007498383522034,-0.06741360574960709,0.18463125824928284,0.2919718325138092,-0.04642466828227043
DUCK,0.44673195481300354,0.9078578352928162,8.202117207645188e-09,0.5890131592750549,0.8868470191955566,-0.041658878326416016,0.7152025103569031,0.7922325730323792,-0.06416811794042587,0.7444013357162476,0.697350263595581,-0.08419125527143478,0.698330283164978,0.6389292478561401,-0.09104480594396591,0.6259339451789856,0.6854061484336853,-0.02403784729540348,0.6694029569625854,0.6595402359962463,-0.04817648231983185,0.6441807746887207,0.7452124357223511,-0.03161371499300003,0.6334131956100464,0.7534621357917786,-0.021904509514570236,0.5333855152130127,0.6793842911720276,-0.0396767221391201,0.5894225835800171,0.6458244919776917,-0.08358652889728546,0.5676794052124023,0.7486897706985474,-0.059263117611408234,0.5465206503868103,0.7402700185775757,-0.026775909587740898,0.4431217312812805,0.6825798749923706,-0.06537756323814392,0.5075435042381287,0.6504917740821838,-0.11207582801580429,0.502354085445404,0.7463544607162476,-0.08217550069093704,0.4692496657371521,0.7445881962776184,-0.04350665211677551,0.35855045914649963,0.6823043823242188,-0.09568104147911072,0.41216742992401123,0.6693641543388367,-0.1075739786028862,0.4213950037956238,0.7346090078353882,-0.08600542694330215,0.3933688998222351,0.7336018085479736,-0.061312463134527206
DUCK,0.7464058995246887,0.8558148145675659,1.5662468655364137e-08,0.8926226496696472,0.8160375356674194,0.009613855741918087,0.9784071445465088,0.7297074794769287,-0.007153112441301346,0.9999158382415771,0.6497182846069336,-0.03896865248680115,1.0113881826400757,0.5860419273376465,-0.0624304935336113,0.896421492099762,0.62729412317276,0.054732076823711395,0.9740111827850342,0.6084638237953186,0.03517443314194679,0.9587594270706177,0.6802206039428711,0.03658580780029297,0.9358018040657043,0.690460205078125,0.03284657746553421,0.8176044225692749,0.614788293838501,0.012125006876885891,0.9177185893058777,0.5967264175415039,-0.033836375921964645,0.8976717591285706,0.686457633972168,-0.039885133504867554,0.8582685589790344,0.6840245723724365,-0.02934563159942627,0.7432401776313782,0.6138823628425598,-0.03695240244269371,0.8464837670326233,0.6000695824623108,-0.07786398380994797,0.8359617590904236,0.6882085800170898,-0.06785604357719421,0.7835491299629211,0.6841403245925903,-0.04882995784282684,0.6660234332084656,0.6135096549987793,-0.08754199743270874,0.7630892992019653,0.610490620136261,-0.09142786264419556,0.7649717330932617,0.6734147071838379,-0.07522452622652054,0.7147603034973145,0.6706862449645996,-0.06048756092786789
DUCK,0.27930766344070435,0.7178878784179688,5.899786881258251e-09,0.400129497051239,0.6965673565864563,-0.022633804008364677,0.5032168626785278,0.6138229966163635,-0.04184725508093834,0.5145355463027954,0.5337715148925781,-0.06323188543319702,0.4704837203025818,0.48192548751831055,-0.07542618364095688,0.4189503788948059,0.5323021411895752,-0.0043312059715390205,0.4536512494087219,0.493701696395874,-0.024076299741864204,0.44635069370269775,0.564335823059082,-0.010298231616616249,0.43690168857574463,0.5775139927864075,-0.0029965252615511417,0.3396722674369812,0.5278967618942261,-0.02511727623641491,0.3835124373435974,0.47972509264945984,-0.06525435298681259,0.37539830803871155,0.5698366165161133,-0.04996687173843384,0.3534628450870514,0.5713763236999512,-0.02345171384513378,0.2624480724334717,0.528964102268219,-0.05314928665757179,0.3139609694480896,0.48575687408447266,-0.09339046478271484,0.3153347969055176,0.5703089237213135,-0.06876393407583237,0.28383690118789673,0.5795912742614746,-0.036791082471609116,0.1780606359243393,0.5298380851745605,-0.0847652330994606,0.2336047887802124,0.4965386986732483,-0.09707849472761154,0.24435195326805115,0.555895984172821,-0.07810298353433609,0.2178490161895752,0.5654422044754028,-0.05701577290892601
DUCK,0.4445286691188812,0.6785902380943298,7.662930734397833e-09,0.563440203666687,0.6573153734207153,-0.013190077617764473,0.6591280698776245,0.5811629295349121,-0.03450394421815872,0.6767451763153076,0.5075023770332336,-0.06268610060214996,0.6433550715446472,0.45810461044311523,-0.0825376883149147,0.5945143699645996,0.4890313744544983,0.011321607045829296,0.645169734954834,0.45952874422073364,-0.013286086730659008,0.6264693737030029,0.5298572778701782,-0.006521186325699091,0.6072219610214233,0.543116569519043,-0.0036889382172375917,0.5215659141540527,0.4771359860897064,-0.018005266785621643,0.5834008455276489,0.4420769512653351,-0.06711725890636444,0.5610653758049011,0.5352283716201782,-0.060381900519132614,0.531977117061615,0.5361849665641785,-0.038432903587818146,0.4457666277885437,0.4742160439491272,-0.0546509325504303,0.5128459334373474,0.43984532356262207,-0.1010894626379013,0.5035000443458557,0.5309290885925293,-0.08194686472415924,0.4633866548538208,0.5380655527114868,-0.05367608740925789,0.3608095049858093,0.472862184047699,-0.09429502487182617,0.43130192160606384,0.4508833587169647,-0.10711584240198135,0.43653666973114014,0.5136849284172058,-0.09075009822845459,0.4017221927642822,0.520341157913208,-0.07166658341884613
DUCK,0.41734978556632996,0.6012901663780212,8.937260709274142e-09,0.5393993258476257,0.5772858262062073,-0.016165658831596375,0.6379849314689636,0.5044217109680176,-0.036343447864055634,0.6593913435935974,0.4298900067806244,-0.06214407458901405,0.6270456314086914,0.3758549094200134,-0.07871973514556885,0.5584113597869873,0.41628503799438477,0.001111938152462244,0.5996897220611572,0.3823855519294739,-0.020909929648041725,0.5853621959686279,0.45087021589279175,-0.010030322708189487,0.573846161365509,0.46201780438423157,-0.004253735765814781,0.4853059947490692,0.409447580575943,-0.024760985746979713,0.5326017141342163,0.3640768826007843,-0.06858690828084946,0.5195710062980652,0.4532604217529297,-0.05505695939064026,0.49604853987693787,0.4570411741733551,-0.02979811280965805,0.4093458652496338,0.40931788086891174,-0.05760480463504791,0.46131810545921326,0.36498427391052246,-0.10074251145124435,0.46103090047836304,0.45137694478034973,-0.07596688717603683,0.42909926176071167,0.46341681480407715,-0.044367704540491104,0.32263872027397156,0.4126499891281128,-0.09318682551383972,0.3759167194366455,0.3790087401866913,-0.10806392133235931,0.3868734836578369,0.43737661838531494,-0.08867684751749039,0.3636828064918518,0.4470224976539612,-0.06718119978904724
DUCK,0.2567210793495178,0.6275960803031921,7.933215862010456e-09,0.3853802978992462,0.6106107234954834,-0.03838168457150459,0.4966292977333069,0.5206888318061829,-0.05474359542131424,0.5074053406715393,0.4355586767196655,-0.06991276890039444,0.45740634202957153,0.39258936047554016,-0.07401089370250702,0.39358386397361755,0.43420928716659546,-0.014901573769748211,0.42220669984817505,0.39705121517181396,-0.037678275257349014,0.4138945937156677,0.47055044770240784,-0.021025823429226875,0.41472840309143066,0.48065489530563354,-0.009702461771667004,0.3144918978214264,0.4343487620353699,-0.027524711564183235,0.350229948759079,0.3854803442955017,-0.06917877495288849,0.3435708284378052,0.4811469316482544,-0.04725075513124466,0.33491969108581543,0.4805162847042084,-0.014389309100806713,0.23690447211265564,0.43928101658821106,-0.05006439611315727,0.2781209945678711,0.39153599739074707,-0.09713166207075119,0.2813945710659027,0.4793111979961395,-0.0698515996336937,0.26509639620780945,0.4869776964187622,-0.0326014943420887,0.15891078114509583,0.4426325857639313,-0.07774201780557632,0.19384947419166565,0.40840601921081543,-0.09535783529281616,0.20676594972610474,0.46530845761299133,-0.07639637589454651,0.19390633702278137,0.47418877482414246,-0.05217462033033371
DUCK,0.4514061510562897,0.7670358419418335,6.752403525212003e-09,0.5828436017036438,0.7538482546806335,-0.03672961890697479,0.6954787373542786,0.6670887470245361,-0.058950718492269516,0.7129877805709839,0.5758062601089478,-0.08098217099905014,0.6660318374633789,0.5162652134895325,-0.09166599810123444,0.6134130358695984,0.5718979239463806,-0.013204645365476608,0.6609076857566833,0.5382920503616333,-0.03486469015479088,0.6400090456008911,0.6165199279785156,-0.02046680636703968,0.6239463090896606,0.6297776103019714,-0.013386396691203117,0.5314996242523193,0.5642391443252563,-0.029254097491502762,0.5861873626708984,0.5250861048698425,-0.07143626362085342,0.5665636658668518,0.6234910488128662,-0.05591626092791557,0.5418175458908081,0.620492696762085,-0.028953813016414642,0.44680657982826233,0.5632427334785461,-0.05408293753862381,0.511529266834259,0.5297409892082214,-0.0988728404045105,0.5042122602462769,0.6224443316459656,-0.0775684043765068,0.46962013840675354,0.6280503869056702,-0.04662322252988815,0.36254221200942993,0.5594963431358337,-0.0832580104470253,0.4251123070716858,0.5419535040855408,-0.09634412825107574,0.4302225112915039,0.6073436737060547,-0.08016033470630646,0.3991073966026306,0.6121244430541992,-0.060373127460479736
PAUSE,0.05395697057247162,0.6846973896026611,7.246261368720752e-09,0.1986352801322937,0.6477534770965576,-0.02929711900651455,0.3218589425086975,0.5578301548957825,-0.03905064985156059,0.40293943881988525,0.4828387200832367,-0.05793669447302818,0.48889657855033875,0.44695693254470825,-0.07576337456703186,0.2045939415693283,0.5107877254486084,0.03879493847489357,0.20978254079818726,0.4631752073764801,0.022995682433247566,0.20619238913059235,0.5225479006767273,0.016073232516646385,0.20038056373596191,0.5725767016410828,0.009342566132545471,0.12339439988136292,0.5029644966125488,0.027068786323070526,0.14863334596157074,0.4466817378997803,-0.01598190888762474,0.15356756746768951,0.5248380303382874,-0.05705997720360756,0.14904069900512695,0.5854744911193848,-0.07495971024036407,0.04654289036989212,0.503279447555542,0.007776340004056692,0.07496348023414612,0.4516318440437317,-0.04080409184098244,0.0854509249329567,0.5250969529151917,-0.07495971024036407,0.08938930183649063,0.5850782990455627,-0.08628403395414352,-0.025891631841659546,0.511201798915863,-0.014977331273257732,-0.00875672698020935,0.46200138330459595,-0.04453016072511673,0.013302475214004517,0.5109267234802246,-0.06188194826245308,0.024268969893455505,0.5539864897727966,-0.06882265955209732
PAUSE,0.557864785194397,0.6828339099884033,-1.4357426358913017e-09,0.6616318821907043,0.5906464457511902,-0.04121265932917595,0.7133941650390625,0.48230910301208496,-0.08567151427268982,0.7599015235900879,0.40482646226882935,-0.1389751136302948,0.824830174446106,0.34880638122558594,-0.18555106222629547,0.5437108874320984,0.4475439488887787,-0.039213184267282486,0.5587148666381836,0.41027167439460754,-0.09334008395671844,0.6002930998802185,0.48762986063957214,-0.11752194911241531,0.6261426210403442,0.5485600233078003,-0.12975400686264038,0.46163931488990784,0.4719420373439789,-0.06290105730295181,0.48429074883461,0.4319232702255249,-0.15054851770401,0.5409690737724304,0.5115048885345459,-0.19778311252593994,0.573302149772644,0.5767037868499756,-0.2171662449836731,0.38653886318206787,0.5050305128097534,-0.09136413782835007,0.3836953341960907,0.45428726077079773,-0.15534727275371552,0.4519660174846649,0.5130702257156372,-0.17858818173408508,0.5012109875679016,0.5687545537948608,-0.18216371536254883,0.31740283966064453,0.5406092405319214,-0.12617848813533783,0.22836461663246155,0.48350098729133606,-0.15892279148101807,0.1617351472377777,0.4532650113105774,-0.18056413531303406,0.10745173692703247,0.4275396466255188,-0.1949603408575058
PAUSE,0.36483296751976013,0.7690398097038269,-1.5708360834310042e-08,0.5071179866790771,0.7329641580581665,-0.036922089755535126,0.6195918321609497,0.652517557144165,-0.06188657134771347,0.6841687560081482,0.5771928429603577,-0.0949481725692749,0.7572548985481262,0.5404788851737976,-0.11846744269132614,0.5246480703353882,0.5584025979042053,0.012373354285955429,0.5505234599113464,0.49786680936813354,-0.018114591017365456,0.5233887434005737,0.5724977850914001,-0.023123325780034065,0.5027635097503662,0.6232596635818481,-0.023618260398507118,0.4422629177570343,0.5437759160995483,-0.0029399089980870485,0.46866172552108765,0.48923736810684204,-0.07067660242319107,0.4551631510257721,0.5765697956085205,-0.10785605758428574,0.45003563165664673,0.6227161884307861,-0.11332013458013535,0.3607437014579773,0.5409116744995117,-0.026389891281723976,0.3810647428035736,0.47378242015838623,-0.0844951644539833,0.3930641710758209,0.5496242046356201,-0.10888552665710449,0.39583033323287964,0.6061640977859497,-0.10492604970932007,0.2824965715408325,0.5451744794845581,-0.054759517312049866,0.2588385343551636,0.4599672555923462,-0.07998136430978775,0.25247272849082947,0.40772977471351624,-0.1019168496131897,0.25327378511428833,0.35709792375564575,-0.11236985772848129
PAUSE,0.4705701768398285,0.7274051904678345,-1.4229298850310101e-09,0.5796886086463928,0.6431606411933899,-0.04366578161716461,0.6409105658531189,0.5300129055976868,-0.08667878806591034,0.6780160069465637,0.4499164819717407,-0.13838765025138855,0.7421036958694458,0.3989505171775818,-0.1811908334493637,0.47948557138442993,0.4769366979598999,-0.031263113021850586,0.46237367391586304,0.4416731894016266,-0.08057071268558502,0.4934677481651306,0.5225487351417542,-0.10313796252012253,0.5133127570152283,0.5681513547897339,-0.11572714149951935,0.3875681459903717,0.49986720085144043,-0.05315428599715233,0.38260558247566223,0.4640374183654785,-0.1368023306131363,0.4344785809516907,0.5451757907867432,-0.1818436086177826,0.46443086862564087,0.5931658148765564,-0.19788314402103424,0.3076133131980896,0.531299352645874,-0.08243576437234879,0.2844069302082062,0.48405036330223083,-0.14771296083927155,0.34551796317100525,0.5450564622879028,-0.16925442218780518,0.3913334608078003,0.5898883938789368,-0.16990719735622406,0.23537656664848328,0.5688363909721375,-0.11749894917011261,0.14976385235786438,0.5096979141235352,-0.1495780199766159,0.09271973371505737,0.4793740510940552,-0.16990719735622406,0.041687965393066406,0.44553762674331665,-0.18342891335487366
PAUSE,0.5889365077018738,0.704869270324707,-8.34347613221098e-09,0.6992171406745911,0.6280282735824585,-0.06546664237976074,0.7814756035804749,0.5223344564437866,-0.13421407341957092,0.8558250665664673,0.46370410919189453,-0.20678909122943878,0.9438657760620117,0.42790982127189636,-0.2700188457965851,0.5909765958786011,0.45948904752731323,-0.13242454826831818,0.6159021258354187,0.45119771361351013,-0.21613436937332153,0.660751461982727,0.5459957122802734,-0.24695390462875366,0.6889467835426331,0.6029366254806519,-0.2668374478816986,0.4999309778213501,0.4835074543952942,-0.15409763157367706,0.5392535924911499,0.47972458600997925,-0.26484909653663635,0.5893052816390991,0.5683854222297668,-0.3036220371723175,0.6189895868301392,0.6349508166313171,-0.3227103054523468,0.42196041345596313,0.5237786173820496,-0.17885267734527588,0.4433465003967285,0.499847948551178,-0.25709450244903564,0.5090714693069458,0.5685888528823853,-0.26723513007164,0.5530254244804382,0.624258816242218,-0.2630595862865448,0.3545883297920227,0.5656710863113403,-0.21175996959209442,0.2797359526157379,0.5099157094955444,-0.26166772842407227,0.21425241231918335,0.47571930289268494,-0.2809547781944275,0.16344669461250305,0.4442265033721924,-0.2936802804470062
PAUSE,0.3877462148666382,1.07149076461792,-4.010029996948106e-08,0.5791037082672119,1.005125880241394,-0.04949424788355827,0.7387592196464539,0.8605037927627563,-0.09747008979320526,0.8156471252441406,0.7385082840919495,-0.15534478425979614,0.8930946588516235,0.6343098878860474,-0.20019622147083282,0.5557572841644287,0.7294043302536011,-0.0402086041867733,0.6364283561706543,0.7192968726158142,-0.11148616671562195,0.6221470832824707,0.855996310710907,-0.13268548250198364,0.6100274920463562,0.9551007747650146,-0.13747428357601166,0.42866596579551697,0.7136597633361816,-0.06768593937158585,0.5174665451049805,0.7072808146476746,-0.20311622321605682,0.5205522775650024,0.8625133037567139,-0.26373574137687683,0.507800281047821,0.9798862934112549,-0.2749485671520233,0.30828988552093506,0.7201336026191711,-0.0996893122792244,0.3878685235977173,0.6769703030586243,-0.20428425073623657,0.42003053426742554,0.806551992893219,-0.22332273423671722,0.437980055809021,0.9192537069320679,-0.20872266590595245,0.18995675444602966,0.7363468408584595,-0.13957670331001282,0.1625916063785553,0.5978363752365112,-0.2012474089860916,0.15359380841255188,0.5061169862747192,-0.2311483770608902,0.1571870744228363,0.432138592004776,-0.24154362082481384
PAUSE,0.471782922744751,0.6586602330207825,-1.0743515410638338e-08,0.5847553014755249,0.6312280893325806,-0.019406400620937347,0.6619413495063782,0.5774816274642944,-0.03608446195721626,0.7015883922576904,0.524455189704895,-0.0610208734869957,0.7394547462463379,0.4819995164871216,-0.07991387695074081,0.5792370438575745,0.5233761668205261,0.024863073602318764,0.617952823638916,0.48181700706481934,0.003923818469047546,0.6139813661575317,0.526180624961853,-0.0035112674813717604,0.6016524434089661,0.5667040348052979,-0.006424794439226389,0.5252468585968018,0.5118073225021362,0.010964687913656235,0.563589334487915,0.47075673937797546,-0.03335612639784813,0.56470787525177,0.5260326266288757,-0.06817910075187683,0.5548110008239746,0.5706789493560791,-0.07897510379552841,0.46170419454574585,0.5047546029090881,-0.008507718332111835,0.4931687116622925,0.45345714688301086,-0.042509257793426514,0.5153202414512634,0.4936741888523102,-0.0710541233420372,0.5231651663780212,0.5342614054679871,-0.08003123104572296,0.39887407422065735,0.5011929273605347,-0.03095049224793911,0.38464730978012085,0.4351641833782196,-0.04611769691109657,0.3911311626434326,0.3916623294353485,-0.06724031269550323,0.3999323546886444,0.3561931252479553,-0.08126337826251984
PAUSE,0.43425971269607544,0.5327435731887817,5.609921860383338e-09,0.5138686299324036,0.5122073292732239,-0.035040050745010376,0.5818567276000977,0.49028801918029785,-0.06696919351816177,0.6390422582626343,0.47420409321784973,-0.10017099231481552,0.691440224647522,0.4659717381000519,-0.1294134557247162,0.4992610216140747,0.44207707047462463,-0.03399365395307541,0.5013887882232666,0.4146052598953247,-0.05995553359389305,0.5042262077331543,0.4476831555366516,-0.07160726934671402,0.5063474178314209,0.47588473558425903,-0.07896030694246292,0.448323130607605,0.44168975949287415,-0.03922562301158905,0.45093753933906555,0.4116646945476532,-0.0748312920331955,0.4593292772769928,0.44629794359207153,-0.0958157330751419,0.4619368016719818,0.474825918674469,-0.10486562550067902,0.3981271982192993,0.4441245496273041,-0.04830379784107208,0.39198803901672363,0.4091843068599701,-0.07239913195371628,0.40575629472732544,0.43383508920669556,-0.08489929139614105,0.4160948395729065,0.45633548498153687,-0.09129077941179276,0.35284554958343506,0.4495545029640198,-0.061143334954977036,0.326138973236084,0.4165230691432953,-0.07228600978851318,0.30612483620643616,0.39394521713256836,-0.08252369612455368,0.29101264476776123,0.37011027336120605,-0.09168671071529388
PAUSE,0.3978622257709503,0.4435877203941345,2.542853705378434e-09,0.4736911654472351,0.38815566897392273,-0.04326194152235985,0.5171628594398499,0.3185582160949707,-0.07592503726482391,0.5618811249732971,0.2642982006072998,-0.10992131382226944,0.60762619972229,0.2269425094127655,-0.13891814649105072,0.3969443738460541,0.29514312744140625,-0.04089553281664848,0.3740937113761902,0.26924899220466614,-0.07132554054260254,0.3987492620944977,0.31488552689552307,-0.08312424272298813,0.4201611280441284,0.3488655388355255,-0.089523546397686,0.3372361958026886,0.31419840455055237,-0.04519506171345711,0.31677159667015076,0.2860424816608429,-0.09372308850288391,0.3499873876571655,0.332288920879364,-0.12132007628679276,0.3732856810092926,0.36648303270339966,-0.13285215198993683,0.2860490083694458,0.3374048173427582,-0.053494155406951904,0.2530050277709961,0.3060843348503113,-0.09059009701013565,0.2860979437828064,0.3390747010707855,-0.108521468937397,0.31480520963668823,0.3660677969455719,-0.11438749730587006,0.24335071444511414,0.36157485842704773,-0.06582614034414291,0.18684121966362,0.3293997049331665,-0.08525735139846802,0.14104962348937988,0.3100913465023041,-0.10078898817300797,0.10051712393760681,0.29101812839508057,-0.11252103000879288
